EndStation Name,Average Count,Count,Count Change,Latitude,Longitude
"Abbey Orchard Street, Westminster",73.75,58,-15.75,51.498125,-0.132102
"Abbotsbury Road, Holland Park",18.75,19,0.25,51.501391,-0.205991
"Aberdeen Place, St. John's Wood",23.5,25,1.5,51.524826,-0.176268
"Aberfeldy Street, Poplar",19.25,13,-6.25,51.513548,-0.005659
"Abingdon Green, Westminster",79,66,-13,51.49764,-0.125972
"Abingdon Villas, Kensington",27,33,6,51.497387,-0.197245
"Ackroyd Drive, Bow",38.25,52,13.75,51.520398,-0.026768
"Ada Street, Hackney Central",38.75,44,5.25,51.535716,-0.060291
"Addison Road, Holland Park",27,19,-8,51.504199,-0.210941
"Aintree Street, Fulham",45.75,42,-3.75,51.481021,-0.209973
"Albany Street, The Regent's Park",51.75,52,0.25,51.528302,-0.144466
"Albert Bridge Road, Battersea Park",56,45,-11,51.474392,-0.163347
"Albert Embankment, Vauxhall",47.75,47,-0.75,51.490435,-0.122806
"Albert Gardens, Stepney",41.25,35,-6.25,51.51328,-0.047784
"Albert Square, Stockwell",50.5,58,7.5,51.47659,-0.118256
"Alderney Street, Pimlico",64.5,55,-9.5,51.488057,-0.140741
"Alfreda Street, Battersea Park",45,43,-2,51.47505,-0.150908
"All Saints Church, Portobello",58,49,-9,51.51632,-0.202608
"All Saints' Road, Portobello",27.25,28,0.75,51.519042,-0.204764
"Allington Street, Victoria",135.75,80,-55.75,51.496863,-0.142943
"Alma Road, Wandsworth",19.5,18,-1.5,51.457991,-0.184806
"Alpha Grove, Millwall",24,12,-12,51.497304,-0.022793
"Ampton Street , Clerkenwell",33.25,18,-15.25,51.52728,-0.118295
"Ansell House, Stepney",59.5,45,-14.5,51.520019,-0.05438
"Antill Road, Mile End",29.25,26,-3.25,51.528224,-0.037471
"Archbishop's Park, Waterloo",35,28,-7,51.498241,-0.117495
"Argyll Road, Kensington",42.5,24,-18.5,51.500401,-0.195455
"Arlington Road, Camden Town",34.75,19,-15.75,51.539957,-0.145246
"Arundel Street, Temple",30,28,-2,51.511726,-0.113855
"Ashley Crescent, Battersea",46.75,38,-8.75,51.467185,-0.152248
"Ashley Place, Victoria",65.25,71,5.75,51.49616,-0.140947
"Ashmole Estate, Oval",39.75,44,4.25,51.482678,-0.117661
"Aston Street, Stepney",31.75,27,-4.75,51.516,-0.038775
"Austin Road, Battersea Park",54.5,38,-16.5,51.474376,-0.155442
"Aylward Street, Stepney",23.25,15,-8.25,51.51563,-0.049067
"BBC White City, White City",51,44,-7,51.514767,-0.225787
"Baker Street, Marylebone",68.75,74,5.25,51.518913,-0.156166
"Baldwin Street, St. Luke's",61,53,-8,51.527025,-0.088542
"Bancroft Road, Bethnal Green",37.5,34,-3.5,51.526041,-0.047218
"Bank of England Museum, Bank",94,56,-38,51.514441,-0.087587
"Bankside Mix, Bankside",65.25,51,-14.25,51.505817,-0.100186
"Barbican Centre, Barbican",49.75,49,-0.75,51.520044,-0.092176
"Barons Court Station, West Kensington",57.25,57,-0.25,51.490217,-0.215087
"Bath Street, St. Luke's",74.75,61,-13.75,51.525893,-0.090847
"Battersea Church Road, Battersea",45.75,46,0.25,51.476964,-0.174347
"Battersea Park Road, Nine Elms",84.75,94,9.25,51.479501,-0.14177
"Battersea Power Station, Battersea Park",101.25,102,0.75,51.483507,-0.147714
"Bayley Street , Bloomsbury",67.5,40,-27.5,51.518587,-0.132053
"Baylis Road, Waterloo",112.5,68,-44.5,51.501444,-0.110699
"Bayswater Road, Hyde Park",108,85,-23,51.511933,-0.174411
"Beaumont Street, Marylebone",55,42,-13,51.522008,-0.151359
"Bedford Way, Bloomsbury",20.75,11,-9.75,51.523673,-0.128377
"Belford House, Haggerston",17.25,18,0.75,51.536654,-0.07023
"Belgrave Road, Victoria",63,56,-7,51.493204,-0.144132
"Belgrave Square, Belgravia",36,31,-5,51.499412,-0.152317
"Belgrove Street , King's Cross",205,68,-137,51.529943,-0.123616
"Bell Lane, Liverpool Street",57.75,60,2.25,51.517475,-0.075855
"Bell Street , Marylebone",50.5,27,-23.5,51.522029,-0.165842
"Belvedere Road 1, South Bank",56.75,39,-17.75,51.506133,-0.114686
"Belvedere Road 2, South Bank",34.25,54,19.75,51.50621,-0.114842
"Bermondsey Station, Bermondsey",57.75,68,10.25,51.497995,-0.063471
"Bermondsey Street, Bermondsey",75,66,-9,51.497855,-0.081608
"Berry Street, Clerkenwell",80.5,49,-31.5,51.522853,-0.099994
"Beryl Road, Hammersmith",29.25,34,4.75,51.488144,-0.222456
"Bethnal Green Garden, Bethnal Green",43.75,33,-10.75,51.52568,-0.055312
"Bethnal Green Road, Shoreditch",159.5,135,-24.5,51.523648,-0.074754
"Bevington Road West, North Kensington",60.5,46,-14.5,51.5212,-0.208888
"Binfield Road, Stockwell",65.5,57,-8.5,51.472509,-0.122831
"Birkenhead Street, King's Cross",59,39,-20,51.530199,-0.122299
"Bishop's Avenue, Fulham",41.75,46,4.25,51.473036,-0.214749
"Bishop's Bridge Road East, Bayswater",22.5,17,-5.5,51.5171,-0.18377
"Bishop's Bridge Road West, Bayswater",65.25,61,-4.25,51.51616,-0.18697
"Black Lion Gate, Kensington Gardens",193,151,-42,51.509908,-0.187842
"Black Prince Road, Vauxhall",51,42,-9,51.490867,-0.116911
"Blackfriars Road, Southwark",74.25,63,-11.25,51.505461,-0.10454
"Blackfriars Station, St. Paul's",109,78,-31,51.511934,-0.103078
"Blenheim Crescent, Ladbroke Grove",40,43,3,51.515108,-0.208565
"Blythe Road West, Shepherd's Bush",24.75,32,7.25,51.49968,-0.221791
"Blythe Road, Olympia",30.5,29,-1.5,51.496927,-0.2135
"Bolsover Street, Fitzrovia",58.5,53,-5.5,51.523518,-0.143613
"Bonner Gate, Victoria Park",68,74,6,51.53341,-0.049591
"Bonny Street, Camden Town",62,71,9,51.541603,-0.138853
"Borough High Street, The Borough",47.75,37,-10.75,51.500694,-0.094524
"Borough Road, Elephant & Castle",37.25,28,-9.25,51.498898,-0.10044
"Boston Place, Marylebone",74.25,54,-20.25,51.522511,-0.162298
"Bourne Street, Belgravia",52.25,41,-11.25,51.490959,-0.153233
"Bouverie Street, Temple",57.25,49,-8.25,51.513821,-0.107927
"Bow Church Station, Bow",63,58,-5,51.528169,-0.018703
"Bow Road Station, Bow",50.25,42,-8.25,51.527058,-0.025296
"Braham Street, Aldgate",105.75,97,-8.75,51.514233,-0.073537
"Bramham Gardens, Earl's Court",69.25,74,4.75,51.490163,-0.190393
"Breams Buildings, Holborn",44.75,41,-3.75,51.515937,-0.111778
"Brick Lane Market, Shoreditch",54.75,53,-1.75,51.522617,-0.071653
"Bricklayers Arms, Borough",63.75,82,18.25,51.495061,-0.085814
"Bridge Avenue, Hammersmith",60,57,-3,51.492084,-0.229116
"British Museum, Bloomsbury",76,51,-25,51.51908,-0.124678
"Broadcasting House, Marylebone",56.5,39,-17.5,51.518117,-0.144228
"Broadley Terrace, Marylebone",23.75,21,-2.75,51.524561,-0.165668
"Broadwick Street, Soho",73,78,5,51.513684,-0.13558
"Bromley High Street, Bow",33.5,34,0.5,51.528828,-0.013258
"Brook Green South, Brook Green",39.5,52,12.5,51.494347,-0.215804
"Broomhouse Lane, Parsons Green",23.75,23,-0.75,51.468418,-0.199135
"Brunswick Square, Bloomsbury",53.5,46,-7.5,51.523951,-0.122502
"Brushfield Street, Liverpool Street",164.5,145,-19.5,51.518908,-0.079249
"Bruton Street, Mayfair",43.75,31,-12.75,51.510736,-0.144165
"Buckingham Gate, Westminster",73.75,52,-21.75,51.498865,-0.137424
"Bunhill Row, Moorgate",86,73,-13,51.520858,-0.089887
"Burdett Road, Mile End",59.25,46,-13.25,51.516196,-0.029138
"Bury Place, Holborn",47.25,41,-6.25,51.51746,-0.12335
"Butler Place, Westminster",55.75,41,-14.75,51.497829,-0.13544
"Buxton Street 1, Shoreditch",19.25,26,6.75,51.521776,-0.068856
"Cadogan Close, Victoria Park",47,25,-22,51.542118,-0.028941
"Cadogan Gardens, Chelsea",67.5,59,-8.5,51.492462,-0.159919
"Cadogan Place, Knightsbridge",53,48,-5,51.494645,-0.158105
"Caldwell Street, Stockwell",55.75,54,-1.75,51.477839,-0.116493
"Calshot Street , King's Cross",17.75,12,-5.75,51.53136,-0.117069
"Campden Hill Road, Notting Hill",13,12,-1,51.506584,-0.199004
"Canada Water Station, Rotherhithe",49.75,45,-4.75,51.498439,-0.04915
"Canton Street, Poplar",24,30,6,51.511811,-0.025626
"Cantrell Road, Bow",18.25,18,-0.25,51.521564,-0.022694
"Carey Street, Holborn",25.75,16,-9.75,51.51501,-0.112753
"Carnegie Street, King's Cross",22,23,1,51.535467,-0.116191
"Cartwright Gardens , Bloomsbury",31.5,27,-4.5,51.526357,-0.125979
"Castlehaven Road, Camden Town",73.25,50,-23.25,51.542138,-0.145393
"Central House, Aldgate",76.5,49,-27.5,51.515231,-0.07015
"Cephas Street, Bethnal Green",41.25,42,0.75,51.522561,-0.054883
"Chadwell Street, Angel",52.25,42,-10.25,51.530515,-0.106408
"Chancery Lane, Holborn",35.75,27,-8.75,51.514274,-0.111257
"Chapel Place, Marylebone",74.5,52,-22.5,51.515308,-0.147203
"Charing Cross Hospital, Hammersmith",33.25,38,4.75,51.487285,-0.217995
"Charlbert Street, St. John's Wood",31,32,1,51.5343,-0.168074
"Charles II Street, West End",69.5,60,-9.5,51.508446,-0.131961
"Charlotte Street, Fitzrovia",49.25,49,-0.25,51.51953,-0.135777
"Charlotte Terrace, Angel",33,22,-11,51.536392,-0.112721
"Cheapside, Bank",166.5,164,-2.5,51.51397,-0.09294
"Chelsea Bridge, Pimlico",66.25,48,-18.25,51.485821,-0.149004
"Chelsea Green, Chelsea",49.75,45,-4.75,51.490664,-0.166485
"Chepstow Villas, Notting Hill",25.75,23,-2.75,51.512136,-0.201554
"Cheshire Street, Bethnal Green",31.25,28,-3.25,51.52388,-0.065076
"Chesilton Road, Fulham",47.25,45,-2.25,51.475698,-0.205876
"Chrisp Street Market, Poplar",29.75,29,-0.75,51.5112,-0.014438
"Christopher Street, Liverpool Street",55.25,45,-10.25,51.521283,-0.084605
"City Road, Angel",37.75,35,-2.75,51.530344,-0.100168
"Clapham Common North Side, Clapham Common",37.25,18,-19.25,51.461343,-0.159322
"Clapham Common Station, Clapham Common",84,68,-16,51.461388,-0.139221
"Clapham Road, Lingham Street, Stockwell",22.75,29,6.25,51.471433,-0.12367
"Claremont Square, Angel",25.75,15,-10.75,51.531666,-0.109914
"Clarence Walk, Stockwell",23,24,1,51.470732,-0.126994
"Clarendon Road, Avondale",19.5,17,-2.5,51.51323,-0.211593
"Clarges Street, Mayfair",27.25,24,-3.25,51.507326,-0.145827
"Clarkson Street, Bethnal Green",23.5,18,-5.5,51.528692,-0.059091
"Claverton Street, Pimlico",49,60,11,51.484839,-0.138089
"Cleaver Street, Kennington",24,24,0,51.488105,-0.110121
"Clerkenwell Green, Clerkenwell",83.25,54,-29.25,51.52326,-0.104708
"Cleveland Gardens, Bayswater",26.25,22,-4.25,51.515607,-0.183118
"Cleveland Way, Stepney",103.5,97,-6.5,51.520893,-0.051394
"Clifford Street, Mayfair",40.25,42,1.75,51.510662,-0.142345
"Clifton Road, Maida Vale",37,34,-3,51.525575,-0.179592
"Clifton Street, Shoreditch",38.25,35,-3.25,51.523196,-0.083067
"Clinton Road, Mile End",43.5,36,-7.5,51.525941,-0.036017
"Cloudesley Road, Angel",28,26,-2,51.534408,-0.109025
"Colet Gardens, Hammersmith",6,8,2,51.491093,-0.216493
"Collingham Gardens, Earl's Court",40,42,2,51.491615,-0.186753
"Columbia Road, Shoreditch",51.25,55,3.75,51.528187,-0.075375
"Commercial Street, Shoreditch",52.5,37,-15.5,51.52127,-0.075578
"Concert Hall Approach 1, South Bank",33,16,-17,51.505044,-0.115851
"Concert Hall Approach 2, South Bank",39,17,-22,51.504942,-0.115533
"Coomer Place, West Kensington",58,51,-7,51.48357,-0.202038
"Copper Box Arena, Queen Elizabeth Olympic Park",40.5,44,3.5,51.544909,-0.020542
"Coram Street, Bloomsbury",37.75,27,-10.75,51.524,-0.126409
"Cotton Garden Estate, Kennington",26.5,32,5.5,51.490757,-0.106323
"Courland Grove, Wandsworth Road",47.25,33,-14.25,51.472918,-0.132102
"Crabtree Lane, Fulham",27,29,2,51.482944,-0.219346
"Craven Street, Strand",138.5,101,-37.5,51.508103,-0.126021
"Crawford Street, Marylebone",63.75,69,5.25,51.52026,-0.157183
"Crinan Street, King's Cross",29.5,17,-12.5,51.534474,-0.122203
"Crisp Road, Hammersmith",55.25,42,-13.25,51.488108,-0.226606
"Cromer Street, Bloomsbury",25,32,7,51.528279,-0.119558
"Crosswall, Tower",148.75,98,-50.75,51.511594,-0.077121
"Culvert Road, Battersea",24.25,21,-3.25,51.471095,-0.15785
"Curlew Street, Shad Thames",77,29,-48,51.502279,-0.074189
"Curzon Street, Mayfair",56.25,50,-6.25,51.507069,-0.145904
"Danvers Street, West Chelsea",36.75,44,7.25,51.482567,-0.172078
"De Vere Gardens, Kensington",42.5,43,0.5,51.501737,-0.18498
"Denyer Street, Knightsbridge",15.5,16,0.5,51.493583,-0.165101
"Derry Street, Kensington",113.75,102,-11.75,51.501364,-0.191462
"Devons Road, Bow",24.5,26,1.5,51.52512,-0.015578
"Devonshire Square, Liverpool Street",40.75,50,9.25,51.516468,-0.079684
"Devonshire Terrace, Bayswater",52,61,9,51.51348,-0.17977
"Dickens Square, Borough",20.75,24,3.25,51.496791,-0.093913
"Disraeli Road, Putney",22,22,0,51.46161,-0.216145
"Dock Street, Wapping",77.75,73,-4.75,51.509786,-0.068161
"Doddington Grove, Kennington",55.5,53,-2.5,51.486929,-0.102996
"Doric Way , Somers Town",66.5,33,-33.5,51.528833,-0.13225
"Dorothy Road, Clapham Junction",37.5,39,1.5,51.465064,-0.16375
"Dorset Square, Marylebone",62.75,54,-8.75,51.522596,-0.161113
"Drayton Gardens, West Chelsea",92.5,69,-23.5,51.487196,-0.179369
"Driffield Road, Old Ford",45.5,37,-8.5,51.534137,-0.037366
"Drummond Street , Euston",24.75,7,-17.75,51.527326,-0.136052
"Drury Lane, Covent Garden",100.5,77,-23.5,51.51477,-0.122219
"Duke Street Hill, London Bridge",190.25,166,-24.25,51.506304,-0.087262
"Dunston Road , Haggerston",71.5,67,-4.5,51.536585,-0.075885
"Durant Street, Bethnal Green",37.5,37,-0.5,51.528681,-0.06555
"Eagle Wharf Road, Hoxton",91,78,-13,51.53356,-0.09315
"Earnshaw Street , Covent Garden",83.25,65,-18.25,51.516118,-0.128585
"East Ferry Road, Cubitt Town",14.75,19,4.25,51.49447,-0.014409
"East India DLR, Blackwall",34.5,39,4.5,51.509474,-0.002275
"East Road, Hoxton",37.25,38,0.75,51.528673,-0.087459
"East Village, Queen Elizabeth Olympic Park",56.75,52,-4.75,51.546326,-0.009935
"Eastbourne Mews, Paddington",81,50,-31,51.516417,-0.179135
"Eaton Square (South), Belgravia",32,23,-9,51.494561,-0.153933
"Eaton Square, Belgravia",37.5,13,-24.5,51.496544,-0.150905
"Ebury Bridge, Pimlico",37,40,3,51.490491,-0.149186
"Eccleston Place, Victoria",116.25,90,-26.25,51.49395,-0.147624
"Edgware Road Station, Marylebone",49,25,-24,51.519968,-0.169774
"Eel Brook Common, Walham Green",35.5,25,-10.5,51.476259,-0.193254
"Elizabeth Bridge, Victoria",61.75,76,14.25,51.492369,-0.147478
"Elysium Place, Fulham",20.75,27,6.25,51.471079,-0.207842
"Embankment (Savoy), Strand",54.75,33,-21.75,51.509631,-0.119047
"Emperor's Gate, South Kensington",46.5,50,3.5,51.495362,-0.185296
"Empire Square, The Borough",66.25,51,-15.25,51.500823,-0.08974
"Endsleigh Gardens, Euston",75,36,-39,51.526838,-0.130504
"Erin Close, Walham Green",63.75,45,-18.75,51.479463,-0.195777
"Esmond Street, Putney",10,5,-5,51.462312,-0.211468
"Ethelburga Estate, Battersea Park",102,74,-28,51.477292,-0.164786
"Euston Road, Euston",46.5,13,-33.5,51.526236,-0.134407
"Euston Square Gardens, Euston",24.5,14,-10.5,51.527068,-0.131861
"Everington Street, Fulham",34,22,-12,51.483356,-0.216305
"Eversholt Street , Camden Town",25.75,26,0.25,51.533005,-0.136792
"Evesham Street, Avondale",14.5,16,1.5,51.511486,-0.21819
"Exhibition Road Museums 1, South Kensington",49.5,48,-1.5,51.496468,-0.173796
"Exhibition Road Museums 2, South Kensington",54.25,43,-11.25,51.495947,-0.173689
"Exhibition Road, Knightsbridge",137.25,115,-22.25,51.499917,-0.174554
"Falcon Road, Clapham Junction",94.75,78,-16.75,51.466633,-0.169821
"Falkirk Street, Hoxton",38.25,37,-1.25,51.53095,-0.078505
"Fanshaw Street, Hoxton",54.5,52,-2.5,51.529537,-0.083353
"Farm Street, Mayfair",35,33,-2,51.509351,-0.147449
"Farringdon Lane, Clerkenwell",45.75,41,-4.75,51.52352,-0.10834
"Farringdon Street, Holborn",43.25,37,-6.25,51.516785,-0.104947
"Fashion Street, Whitechapel",48.75,25,-23.75,51.51838,-0.073438
"Fawcett Close, Battersea",21,19,-2,51.469161,-0.174485
"Felsham Road, Putney",20.5,32,11.5,51.464786,-0.215618
"Ferndale Road, Brixton",63.5,84,20.5,51.464019,-0.115781
"Finlay Street, Fulham",36,28,-8,51.476885,-0.215895
"Finnis Street, Bethnal Green",26.75,24,-2.75,51.524583,-0.058631
"Finsbury Circus, Liverpool Street",139,106,-33,51.517075,-0.086685
"Finsbury Leisure Centre, St. Luke's",82.5,68,-14.5,51.526008,-0.096317
"Finsbury Library , Finsbury",21.5,20,-1.5,51.526717,-0.104298
"Finsbury Square , Moorgate",67.25,57,-10.25,51.520962,-0.085634
"Fire Brigade Pier, Vauxhall",52.5,49,-3.5,51.493699,-0.121394
"Fisherman's Walk West, Canary Wharf",45.75,41,-4.75,51.50623,-0.02296
"Flamborough Street, Limehouse",74.25,69,-5.25,51.512871,-0.038986
"Flood Street, Chelsea",90.75,74,-16.75,51.488023,-0.166878
"Foley Street, Fitzrovia",56,47,-9,51.519181,-0.140485
"Ford Road, Old Ford",33.5,40,6.5,51.532513,-0.033085
"Fore Street Avenue, Guildhall",56.75,35,-21.75,51.518093,-0.091401
"Fore Street, Guildhall",34.5,28,-6.5,51.517842,-0.090075
"Fournier Street, Whitechapel",60,52,-8,51.519362,-0.074431
"Frampton Street, Paddington",29.25,19,-10.25,51.523353,-0.175116
"Freston Road, Avondale",18.75,13,-5.75,51.512981,-0.219486
"Frith Street, Soho",75.75,61,-14.75,51.513103,-0.131213
"Fulham Broadway, Walham Green",115,106,-9,51.479932,-0.194116
"Fulham Park Road, Fulham",36,25,-11,51.473471,-0.20782
"Furze Green, Bow",44.75,42,-2.75,51.519265,-0.021345
"Garnet Street, Shadwell",40.25,47,6.75,51.508447,-0.055167
"Gas Holders, Battersea Park",119,83,-36,51.477966,-0.147857
"Gascoyne Road, Victoria Park",48.5,45,-3.5,51.541515,-0.038557
"Gauden Road, Clapham",54,47,-7,51.464995,-0.130908
"Gaywood  Street, Elephant & Castle",39.5,42,2.5,51.49605,-0.104193
"George Place Mews, Marylebone",49.25,39,-10.25,51.516892,-0.158249
"George Row, Bermondsey",43,57,14,51.498585,-0.068981
"George Street, Marylebone",56,43,-13,51.517703,-0.154106
"Geraldine Street, Elephant & Castle",13.25,14,0.75,51.496127,-0.106
"Globe Town Market, Bethnal Green",45.5,45,-0.5,51.528869,-0.047548
"Gloucester Avenue, Camden Town",39.25,18,-21.25,51.537349,-0.147154
"Gloucester Road (Central), South Kensington",42.75,31,-11.75,51.496462,-0.183289
"Gloucester Road (North), Kensington",59,56,-3,51.497924,-0.183834
"Gloucester Road Station, South Kensington",94.5,84,-10.5,51.494185,-0.18267
"Gloucester Street, Pimlico",54,63,9,51.490962,-0.139625
"Gloucester Terrace, Bayswater",37.25,34,-3.25,51.517919,-0.188098
"Godliman Street, St. Paul's",71.5,53,-18.5,51.512484,-0.099141
"Golden Lane, Barbican",61.25,51,-10.25,51.521747,-0.094475
"Golden Square, Soho",82.75,71,-11.75,51.511897,-0.137043
"Goldsmith's Row, Haggerston",56,55,-1,51.531864,-0.066035
"Good's Way, King's Cross",93.25,73,-20.25,51.534667,-0.125078
"Goswell Road (City Uni), Finsbury",24.25,17,-7.25,51.528246,-0.101026
"Grafton Street, Mayfair",42.25,30,-12.25,51.509992,-0.143495
"Graham Street, Angel",50,60,10,51.532661,-0.099981
"Granby Street, Shoreditch",64,58,-6,51.525645,-0.069543
"Grant Road East, Clapham Junction",49,30,-19,51.464894,-0.173029
"Great Dover Street, The Borough",57,48,-9,51.497382,-0.089446
"Great Percy Street, Clerkenwell",35.75,30,-5.75,51.528915,-0.11548
"Great Russell Street, Bloomsbury",63.5,60,-3.5,51.517727,-0.127854
"Great Suffolk Street, The Borough",37,25,-12,51.501732,-0.100292
"Great Titchfield Street, Fitzrovia",48.75,44,-4.75,51.520253,-0.141327
"Great Tower Street, Monument",119.5,97,-22.5,51.510484,-0.082989
"Green Park Station, Mayfair",137.25,124,-13.25,51.506613,-0.142844
"Green Street, Mayfair",97.75,64,-33.75,51.512276,-0.157436
"Greenberry Street, St.John's Wood",14.25,9,-5.25,51.53256,-0.16862
"Greenland Road, Camden Town",68,39,-29,51.539099,-0.141728
"Grenfell Road, Avondale",20.5,18,-2.5,51.5129,-0.214762
"Greycoat Street , Westminster",15.75,14,-1.75,51.494591,-0.134234
"Greyhound Road, Hammersmith",45.75,49,3.25,51.486062,-0.214428
"Grosvenor Crescent, Belgravia",9.5,10,0.5,51.501352,-0.153194
"Grosvenor Road, Pimlico",33,44,11,51.485357,-0.142207
"Grosvenor Square, Mayfair",98.5,84,-14.5,51.51217,-0.150481
"Grove End Road, St. John's Wood",37,26,-11,51.530889,-0.17677
"Guildhouse Street, Victoria",36.75,20,-16.75,51.492345,-0.141334
"Guilford Street , Bloomsbury",69.75,64,-5.75,51.523346,-0.120202
"Gunmakers Lane, Old Ford",34,30,-4,51.535179,-0.03338
"Gwendwr Road, West Kensington",27.75,27,-0.75,51.491026,-0.209121
"Haggerston Road, Haggerston",70,52,-18,51.539328,-0.074284
"Halford Road, West Kensington",41.75,54,12.25,51.483911,-0.197609
"Hammersmith Road, Hammersmith",61.75,53,-8.75,51.493267,-0.21985
"Hampstead Road, Euston",64.5,51,-13.5,51.525542,-0.138231
"Hampton Street, Walworth",59,53,-6,51.49217,-0.101536
"Handyside Street, King's Cross",63.25,53,-10.25,51.53724,-0.124807
"Hansard Mews, Holland Park",34.25,29,-5.25,51.503802,-0.215808
"Harcourt Terrace, West Brompton",62.25,63,0.75,51.487958,-0.187404
"Hardwick Street, Clerkenwell",23.25,18,-5.25,51.527842,-0.108068
"Harford Street, Mile End",24.5,28,3.5,51.521564,-0.039264
"Harper Road, The Borough",32.75,38,5.25,51.498597,-0.096191
"Harriet Street, Knightsbridge",67.75,57,-10.75,51.500241,-0.15934
"Harrington Square 1, Camden Town",46,28,-18,51.533019,-0.139174
"Harrowby Street, Marylebone",36.5,23,-13.5,51.517372,-0.164207
"Hartington Road, Stockwell",54.75,46,-8.75,51.47787,-0.126874
"Hatton Garden, Holborn",64,50,-14,51.518825,-0.108028
"Hatton Wall, Holborn",80.75,65,-15.75,51.521661,-0.109006
"Hawley Crescent, Camden Town",19,19,0,51.541007,-0.14326
"Heath Road, Battersea",20,19,-1,51.468669,-0.146544
"Here East North, Queen Elizabeth Olympic Park",16.25,31,14.75,51.548731,-0.022606
"Here East South, Queen Elizabeth Olympic Park",11.25,2,-9.25,51.546532,-0.020597
"Hereford Road, Bayswater",40.5,41,0.5,51.513735,-0.193487
"Hermitage Court, Wapping",32,32,0,51.504719,-0.063531
"Heron Quays DLR, Canary Wharf",23.75,16,-7.75,51.502661,-0.021596
"Hertford Road, De Beauvoir Town",42.75,43,0.25,51.537277,-0.079201
"Hewison Street, Old Ford",36.25,35,-1.25,51.533283,-0.028155
"Hibbert Street, Battersea",63.75,55,-8.75,51.46517,-0.180389
"High Holborn , Covent Garden",72.25,59,-13.25,51.516226,-0.124826
"Hinde Street, Marylebone",78.75,59,-19.75,51.516814,-0.151926
"Holborn Circus, Holborn",177.75,133,-44.75,51.51795,-0.108657
"Holden Street, Battersea",17.5,19,1.5,51.46879,-0.15823
"Holland Park, Kensington",19.5,8,-11.5,51.502319,-0.200742
"Hollybush Gardens, Bethnal Green",27.5,24,-3.5,51.527607,-0.057133
"Holy Trinity Brompton, Knightsbridge",65.75,61,-4.75,51.497056,-0.168917
"Hop Exchange, The Borough",232.5,212,-20.5,51.504627,-0.091773
"Horseferry Road, Westminster",64.75,44,-20.75,51.494816,-0.130458
"Hortensia Road, West Brompton",46.25,33,-13.25,51.481765,-0.185273
"Houghton Street, Strand",34.25,23,-11.25,51.51362,-0.116764
"Houndsditch, Aldgate",58,51,-7,51.514449,-0.077178
"Howick Place, Westminster",91.75,76,-15.75,51.496753,-0.138733
"Howland Street, Fitzrovia",83.25,53,-30.25,51.520994,-0.139016
"Hoxton Station, Hoxton",46.5,44,-2.5,51.531091,-0.075901
"Hoxton Street, Hoxton",20.25,14,-6.25,51.52959,-0.0801
"Humbolt Road, Fulham",44.75,46,1.25,51.483217,-0.21186
"Hurlingham Park, Parsons Green",22.5,13,-9.5,51.470131,-0.20464
"Hyde Park Corner, Hyde Park",380.75,271,-109.75,51.503117,-0.15352
"Ilchester Gardens, Bayswater",48.25,35,-13.25,51.51244,-0.19096
"Ilchester Place, Kensington",10.75,15,4.25,51.500743,-0.202759
"Imperial College, Knightsbridge",71,74,3,51.499428,-0.179702
"Imperial Road, Sands End",40,26,-14,51.475142,-0.187278
"Imperial Wharf Station, Sands End",82.75,84,1.25,51.474665,-0.183165
"Import Dock, Canary Wharf",55.5,50,-5.5,51.505772,-0.01646
"Ingrave Street, Clapham Junction",14.25,21,6.75,51.467454,-0.172293
"Irene Road, Parsons Green",33,43,10,51.473763,-0.19701
"Islington Green, Angel",103.5,112,8.5,51.536384,-0.102757
"Jewry Street, Aldgate",62.5,56,-6.5,51.513406,-0.076793
"Jubilee Crescent, Cubitt Town",23.5,18,-5.5,51.493381,-0.007542
"Jubilee Plaza, Canary Wharf",76.5,74,-2.5,51.5034,-0.020242
"Jubilee Street, Stepney",31.5,23,-8.5,51.515975,-0.053177
"Kennington Cross, Kennington",80.25,70,-10.25,51.48894,-0.111435
"Kennington Lane Rail Bridge, Vauxhall",110.75,80,-30.75,51.486343,-0.122492
"Kennington Oval, Oval",46.5,51,4.5,51.483145,-0.113134
"Kennington Road  , Vauxhall",41.25,55,13.75,51.495718,-0.110889
"Kennington Road Post Office, Oval",39.75,57,17.25,51.484788,-0.110683
"Kennington Station, Kennington",39.5,43,3.5,51.488852,-0.105593
"Kensington Church Street, Kensington",66.75,57,-9.75,51.503157,-0.191496
"Kensington Gore, Knightsbridge",22.25,20,-2.25,51.501432,-0.178656
"Kensington Olympia Station, Olympia",37,25,-12,51.498157,-0.209494
"Kensington Town Hall, Kensington",25.25,14,-11.25,51.501945,-0.194392
"Killick Street, King's Cross",17.5,16,-1.5,51.5338,-0.118677
"King Edward Street, St Pauls",32.5,41,8.5,51.51601,-0.0985
"King Edward Walk, Waterloo",16.5,5,-11.5,51.49775,-0.10988
"Kings Gate House, Westminster",44.25,34,-10.25,51.497698,-0.137598
"Kingsway Southbound, Strand",46,31,-15,51.513875,-0.117774
"Kingsway, Covent Garden",23.25,15,-8.25,51.514409,-0.118478
"Knaresborough Place, Earl's Court",40,47,7,51.493631,-0.190603
"Knightsbridge, Hyde Park",27.75,22,-5.75,51.502757,-0.155349
"LMU Commercial Road, Whitechapel",65,72,7,51.514924,-0.066078
"LSBU (Borough Road), Elephant & Castle",38.25,43,4.75,51.498744,-0.103132
"Ladbroke Grove Central, Ladbroke Grove",8,6,-2,51.511624,-0.205921
"Lambeth North Station, Waterloo",36.5,28,-8.5,51.49914,-0.112031
"Lambeth Palace Road, Waterloo",118.5,91,-27.5,51.500089,-0.116628
"Lambeth Road, Vauxhall",40.25,41,0.75,51.494881,-0.117974
"Lancaster Drive, Blackwall",13.5,8,-5.5,51.503143,-0.008428
"Lancaster Gate , Bayswater",47.5,50,2.5,51.511654,-0.179668
"Langdon Park, Poplar",10.25,4,-6.25,51.51549,-0.013475
"Lansdowne Drive, Hackney Central",35.25,48,12.75,51.539834,-0.062806
"Lansdowne Road, Ladbroke Grove",45.75,41,-4.75,51.507481,-0.205535
"Lansdowne Walk, Ladbroke Grove",13.25,9,-4.25,51.509591,-0.204666
"Lavington Street, Bankside",50.75,53,2.25,51.505224,-0.098031
"Leman Street, Aldgate",91.75,84,-7.75,51.512363,-0.069542
"Leonard Circus , Shoreditch",95.25,60,-35.25,51.524696,-0.084439
"Lexham Gardens, Kensington",50.75,36,-14.75,51.495866,-0.191933
"Lightermans Road, Millwall",25.5,35,9.5,51.499041,-0.020157
"Limburg Road, Clapham Junction",14,11,-3,51.461923,-0.165297
"Limerston Street, West Chelsea",114.25,108,-6.25,51.485587,-0.18119
"Lincoln's Inn Fields, Holborn",39,37,-2,51.516277,-0.118272
"Lisson Grove, St. John's Wood",20.5,13,-7.5,51.526448,-0.17219
"Little Argyll Street, West End",161.25,149,-12.25,51.514499,-0.141423
"Little Brook Green, Brook Green",33.5,48,14.5,51.496664,-0.223868
"Liverpool Road (N1 Centre), Angel",71,58,-13,51.534504,-0.106992
"Lollard Street, Vauxhall",56.5,43,-13.5,51.49288,-0.114934
"London Fields, Hackney Central",124,137,13,51.54119,-0.058826
"London Street, Paddington",84.5,72,-12.5,51.515117,-0.173712
"London Zoo Car Park, The Regent's Park",30.25,21,-9.25,51.536922,-0.150181
"London Zoo,  The Regent's Park",26.5,11,-15.5,51.535836,-0.156285
"Long Lane , Bermondsey",55.5,32,-23.5,51.499075,-0.085666
"Longford Street, The Regent's Park",13.5,19,5.5,51.525595,-0.144083
"Lord's, St. John's Wood",13,13,0,51.529121,-0.171185
"Lots Road, West Chelsea",34.25,39,4.75,51.479573,-0.179038
"Lower Marsh, Waterloo",54.25,42,-12.25,51.500139,-0.113936
"Lower Thames Street, Monument",52.75,36,-16.75,51.509301,-0.084985
"Macclesfield Rd, St Lukes",62.25,49,-13.25,51.529423,-0.097122
"Maida Vale, Maida Vale",62.25,58,-4.25,51.529857,-0.183486
"Malet Street, Bloomsbury",74.5,66,-8.5,51.52168,-0.130431
"Mallory Street, Marylebone",17.5,13,-4.5,51.525051,-0.166304
"Malmesbury Road, Bow",8.75,10,1.25,51.529452,-0.027616
"Manbre Road, Hammersmith",22.75,19,-3.75,51.485743,-0.223616
"Manresa Road, Chelsea",46,40,-6,51.486892,-0.170983
"Maplin Street, Mile End",83.75,71,-12.75,51.525501,-0.032267
"Margery Street, Clerkenwell",33.75,32,-1.75,51.526599,-0.112432
"Marloes Road, Kensington",26.25,17,-9.25,51.496481,-0.192404
"Marylebone Lane, Marylebone",73.75,72,-1.75,51.514759,-0.148105
"Merchant Street, Bow",21.75,11,-10.75,51.526578,-0.027581
"Mexfield Road, East Putney",10.75,11,0.25,51.45682,-0.202802
"Michael Road, Walham Green",30.75,37,6.25,51.477276,-0.18921
"Mile End Park Leisure Centre, Mile End",36.75,65,28.25,51.520597,-0.032566
"Mile End Stadium, Mile End",46,29,-17,51.518541,-0.034903
"Millbank Tower, Pimlico",58.25,56,-2.25,51.491884,-0.125674
"Millharbour, Millwall",16.25,9,-7.25,51.496137,-0.019355
"Milroy Walk, South Bank",54.5,48,-6.5,51.507244,-0.106237
"Monier Road, Hackney Wick",52.5,51,-1.5,51.540311,-0.02163
"Montpelier Street, Knightsbridge",71.25,72,0.75,51.498884,-0.165471
"Montserrat Road , Putney",17.25,19,1.75,51.463211,-0.21555
"Monument Street, Monument",79,67,-12,51.50964,-0.08497
"Moor Street, Soho",115.5,96,-19.5,51.513527,-0.13011
"Moorfields, Moorgate",78.25,92,13.75,51.519069,-0.088285
"Morie Street, Wandsworth",19.25,25,5.75,51.459953,-0.190184
"Mostyn Grove, Bow",29.75,29,-0.75,51.530535,-0.025492
"Mudchute DLR, Cubitt Town",9.75,5,-4.75,51.490645,-0.014582
"Murray Grove , Hoxton",38.75,41,2.25,51.53089,-0.089782
"Museum of London, Barbican",89.5,83,-6.5,51.517821,-0.096496
"Nantes Close, Wandsworth",20.25,9,-11.25,51.46193,-0.180791
"Napier Avenue, Millwall",13.25,16,2.75,51.487679,-0.021582
"Natural History Museum, South Kensington",57.25,43,-14.25,51.495592,-0.179077
"Naval Row, Blackwall",22.25,19,-3.25,51.508981,-0.00699
"Nesham Street, Wapping",84.75,74,-10.75,51.507131,-0.06691
"Nevern Place, Earl's Court",24.25,32,7.75,51.493343,-0.194757
"Neville Gill Close, Wandsworth",29,17,-12,51.454752,-0.195197
"New Cavendish Street, Marylebone",67.5,58,-9.5,51.519167,-0.147983
"New Fetter Lane, Holborn",62.5,41,-21.5,51.517428,-0.107987
"New Globe Walk, Bankside",44.25,33,-11.25,51.507385,-0.09644
"New Inn Yard, Shoreditch",64.25,61,-3.25,51.524526,-0.079248
"New Kent Road, The Borough",40.25,50,9.75,51.494436,-0.092921
"New North Road 2, Hoxton",15.75,22,6.25,51.53114,-0.086016
"New Road 1 , Whitechapel",71.5,68,-3.5,51.518154,-0.062697
"New Spring Gardens Walk, Vauxhall",38.75,30,-8.75,51.487807,-0.122759
"Newby Place, Poplar",11,13,2,51.508896,-0.012413
"Newgate Street , St. Paul's",111.5,104,-7.5,51.515418,-0.09885
"Newton Street, Covent Garden",39,20,-19,51.516128,-0.120909
"Normand Park, West Kensington",66.75,66,-0.75,51.484386,-0.204815
"Normandy Road, Stockwell",50.5,35,-15.5,51.473874,-0.11258
"North Audley Street, Mayfair",67.25,66,-1.25,51.512911,-0.153645
"North Wharf Road, Paddington",59,35,-24,51.518622,-0.176645
"Northdown Street, King's Cross",30.25,20,-10.25,51.531066,-0.11934
"Northfields, Wandsworth",15.25,15,-0.25,51.460951,-0.200667
"Northington Street , Holborn",55.75,41,-14.75,51.522264,-0.114079
"Northumberland Avenue, Strand",96.75,55,-41.75,51.506767,-0.123702
"Norton Folgate, Liverpool Street",52,45,-7,51.521113,-0.078869
"Notting Hill Gate Station, Notting Hill",81.75,79,-2.75,51.509353,-0.196422
"Nutford Place, Marylebone",36.25,41,4.75,51.516517,-0.164393
"Old Brompton Road, South Kensington",56.5,63,6.5,51.490945,-0.18119
"Old Ford Road, Bethnal Green",31,25,-6,51.531127,-0.048017
"Old Montague Street, Whitechapel",53.75,39,-14.75,51.51793,-0.067937
"Old Quebec Street, Marylebone",121.5,100,-21.5,51.514577,-0.158264
"Old Street Station, St. Luke's",109,115,6,51.52548,-0.089659
"Ontario Street, Elephant & Castle",46.25,45,-1.25,51.49652,-0.101384
"Orbel Street, Battersea",31,26,-5,51.474535,-0.17021
"Ormonde Gate, Chelsea",40.75,44,3.25,51.487964,-0.161765
"Orsett Terrace, Bayswater",12,14,2,51.517932,-0.183716
"Osiers Road, Wandsworth",36.5,33,-3.5,51.46067,-0.198735
"Ossulston Street, Somers Town",60,39,-21,51.5293,-0.128279
"Oxford Road, Putney",10,10,0,51.460792,-0.212607
"Paddington Green, Paddington",8.25,12,3.75,51.520205,-0.174593
"Page Street, Westminster",83.75,57,-26.75,51.493978,-0.127554
"Palace Gardens Terrace, Notting Hill",56.5,37,-19.5,51.508605,-0.193764
"Palace Gate, Kensington Gardens",116.75,70,-46.75,51.502042,-0.1844
"Palissy Street, Shoreditch",35.75,30,-5.75,51.526293,-0.073955
"Pall Mall East, West End",100.75,87,-13.75,51.50777,-0.130699
"Pancras Road, King's Cross",39.5,31,-8.5,51.534123,-0.129386
"Panton Street, West End",107.75,92,-15.75,51.509639,-0.13151
"Park Lane , Hyde Park",145.25,32,-113.25,51.510017,-0.157275
"Park Lane, Mayfair",35,30,-5,51.505426,-0.150817
"Park Road (Baker Street), The Regent's Park",79,68,-11,51.524517,-0.158963
"Park Street, Bankside",45.5,38,-7.5,51.505974,-0.092754
"Parkway, Camden Town",40.25,29,-11.25,51.538071,-0.144664
"Parson's Green , Parson's Green",57.75,47,-10.75,51.472817,-0.199783
"Parsons Green Station, Parsons Green",66.75,61,-5.75,51.475089,-0.201968
"Pembridge Villas, Notting Hill",31.5,26,-5.5,51.511084,-0.197524
"Penfold Street, Marylebone",10.25,13,2.75,51.522892,-0.171681
"Penywern Road, Earl's Court",64.5,67,2.5,51.491593,-0.192369
"Percival Street, Finsbury",30.5,28,-2.5,51.526153,-0.102208
"Peterborough Road, Sands End",15.25,17,1.75,51.46904,-0.196274
"Phene Street, Chelsea",62.5,56,-6.5,51.484984,-0.167919
"Phillimore Gardens, Kensington",68.5,68,-0.5,51.499606,-0.197574
"Philpot Street, Whitechapel",46.25,41,-5.25,51.515256,-0.058641
"Pindar Street, Liverpool Street",37.75,30,-7.75,51.520955,-0.083493
"Pitfield Street Central, Hoxton",29.25,31,1.75,51.53213,-0.08299
"Pitfield Street North,Hoxton",88.5,93,4.5,51.53558,-0.08249
"Plough Terrace, Clapham Junction",22,18,-4,51.462305,-0.175407
"Podium, Queen Elizabeth Olympic Park",55.75,43,-12.75,51.538718,-0.011889
"Pont Street, Knightsbridge",60.5,55,-5.5,51.496886,-0.161203
"Porchester Place, Paddington",80.25,80,-0.25,51.514746,-0.165164
"Portland Place, Marylebone",55.25,49,-6.25,51.520715,-0.145211
"Portman Square, Marylebone",58.5,56,-2.5,51.516204,-0.155525
"Pott Street, Bethnal Green",60.75,51,-9.75,51.527152,-0.058005
"Poured Lines, Bankside",36.75,26,-10.75,51.506692,-0.103137
"Preston's Road, Cubitt Town",20.75,9,-11.75,51.499286,-0.009152
"Prince Albert Road, The Regent's Park",47.5,37,-10.5,51.535892,-0.160854
"Prince Consort Road, Knightsbridge",29.5,34,4.5,51.499806,-0.176415
"Prince of Wales Drive, Battersea Park",52.75,49,-3.75,51.475153,-0.159169
"Princedale Road , Holland Park",30,34,4,51.506465,-0.208486
"Princes Square, Bayswater",26.25,32,5.75,51.513489,-0.191351
"Pritchard's Road, Bethnal Green",71,67,-4,51.532091,-0.06142
"Putney Bridge Road, East Putney",16.25,22,5.75,51.461999,-0.20624
"Putney Bridge Station, Fulham",31,23,-8,51.468814,-0.210279
"Putney Pier, Wandsworth",37,33,-4,51.466907,-0.216573
"Putney Rail Station, Putney",17.75,11,-6.75,51.460717,-0.216526
"Queen Mary's, Mile End",48.25,40,-8.25,51.522507,-0.041378
"Queen Mother Sports Centre, Victoria",73.25,75,1.75,51.493573,-0.139956
"Queen Street 1, Bank",150.75,148,-2.75,51.511553,-0.09294
"Queen Street 2, Bank",226,147,-79,51.511246,-0.093051
"Queen Victoria Street, St. Paul's",79,60,-19,51.511961,-0.097441
"Queen's Circus, Battersea Park",81,65,-16,51.477619,-0.149551
"Queen's Gate (Central), South Kensington",33.25,34,0.75,51.493967,-0.178732
"Queen's Gate (North), Kensington",60.25,46,-14.25,51.501026,-0.180246
"Queen's Gate (South), South Kensington",66.75,43,-23.75,51.492479,-0.178433
"Queen's Gate, Kensington Gardens",118.5,91,-27.5,51.501715,-0.179854
"Queensbridge Road, Haggerston",30,17,-13,51.53385,-0.06992
"Queensdale Road, Shepherd's Bush",20.25,23,2.75,51.50659,-0.216104
"Queensway, Kensington Gardens",114,67,-47,51.51031,-0.187402
"Rainville Road, Hammersmith",33,29,-4,51.483732,-0.223852
"Ram Street, Wandsworth",58,42,-16,51.457529,-0.192165
"Rampayne Street, Pimlico",60.25,64,3.75,51.489975,-0.132845
"Ranelagh Gardens, Fulham",26.75,22,-4.75,51.467601,-0.206827
"Rathbone Street, Fitzrovia",41,34,-7,51.518162,-0.135025
"Ravenscourt Park Station, Hammersmith",45.75,46,0.25,51.494223,-0.236769
"Reardon Street, Wapping",43.25,41,-2.25,51.506946,-0.058681
"Rectory Square, Stepney",27.75,35,7.25,51.518369,-0.043371
"Red Lion Square, Holborn",35.75,30,-5.75,51.519435,-0.119123
"Red Lion Street, Holborn",70.25,51,-19.25,51.51824,-0.11655
"Regency Street, Westminster",44,36,-8,51.49206,-0.132224
"Richmond Way, Shepherd's Bush",43,32,-11,51.500353,-0.217515
"Rifle Place, Avondale",15,23,8,51.509224,-0.216016
"Risinghill Street, Angel",15.75,12,-3.75,51.533319,-0.111781
"River Street , Clerkenwell",17,9,-8,51.529163,-0.10997
"Riverlight North, Nine Elms",76,84,8,51.482362,-0.136123
"Riverlight South, Nine Elms",59,46,-13,51.481335,-0.138212
"Rochester Row, Westminster",39.25,38,-1.25,51.495827,-0.135478
"Rodney Road , Walworth",47,41,-6,51.491484,-0.09022
"Roscoe Street, St. Luke's",36.75,48,11.25,51.522954,-0.094934
"Rotherhithe Roundabout, Rotherhithe",34.5,29,-5.5,51.499169,-0.055846
"Royal Avenue 1, Chelsea",29.75,26,-3.75,51.489932,-0.162727
"Royal Avenue 2, Chelsea",49.75,55,5.25,51.490083,-0.162418
"Royal College Street, Camden Town",34.5,27,-7.5,51.536264,-0.133952
"Royal London Hospital, Whitechapel",99.5,90,-9.5,51.518675,-0.06111
"Russell Gardens, Olympia",22.5,20,-2.5,51.500088,-0.211316
"Russell Square Station, Bloomsbury",67,56,-11,51.523418,-0.124121
"Sackville Street, Mayfair",62.5,57,-5.5,51.510048,-0.138846
"Sadlers Sports Centre, Finsbury",54.5,40,-14.5,51.524868,-0.099489
"Sail Street, Vauxhall",27.25,28,0.75,51.495656,-0.114605
"Salmon Lane, Limehouse",45.25,39,-6.25,51.514115,-0.033828
"Saltoun Road, Brixton",52.5,29,-23.5,51.460232,-0.115375
"Sancroft Street, Vauxhall",27.75,24,-3.75,51.489479,-0.115156
"Sandilands Road, Walham Green",46.25,45,-1.25,51.473611,-0.191803
"Santos Road, Wandsworth",8,15,7,51.457059,-0.200806
"Sardinia Street, Holborn",35.5,38,2.5,51.515208,-0.117863
"Saunders Ness Road, Cubitt Town",31.5,16,-15.5,51.487129,-0.009001
"Scala Street, Fitzrovia",52.25,39,-13.25,51.519914,-0.136039
"Sea Containers, South Bank",86.5,80,-6.5,51.508033,-0.106823
"Sedding Street, Sloane Square",99.75,87,-12.75,51.49313,-0.156876
"Selby Street, Whitechapel",36,27,-9,51.521905,-0.063386
"Serpentine Car Park, Hyde Park",187.75,99,-88.75,51.505014,-0.17306
"Seville Street, Knightsbridge",67.66666667,100,32.33333333,51.501855,-0.159237
"Seymour Place, Marylebone",40.5,27,-13.5,51.520331,-0.163667
"Shadwell Station, Shadwell",49.5,48,-1.5,51.511088,-0.057159
"Sheepcote Lane, Battersea",33.5,20,-13.5,51.470538,-0.163041
"Shepherd's Bush Road North, Shepherd's Bush",44,53,9,51.501594,-0.222293
"Shoreditch Court, Haggerston",37.5,31,-6.5,51.539083,-0.070329
"Shoreditch High Street, Shoreditch",106.75,78,-28.75,51.526377,-0.07813
"Shoreditch Park, Hoxton",49.5,52,2.5,51.534042,-0.086379
"Shouldham Street, Marylebone",50,34,-16,51.51809,-0.163609
"Sidney Road, Stockwell",32.5,29,-3.5,51.469202,-0.119022
"Silverthorne Road, Battersea",36.25,32,-4.25,51.472865,-0.148059
"Simpson Street, Clapham Junction",62.5,59,-3.5,51.470847,-0.170703
"Sirdar Road, Avondale",10,18,8,51.510928,-0.214594
"Sloane Avenue, Knightsbridge",93.5,86,-7.5,51.493184,-0.167894
"Smith Square, Westminster",58.25,50,-8.25,51.495805,-0.127575
"Smugglers Way, Wandsworth",28,22,-6,51.461083,-0.191722
"Snow Hill, Farringdon",45.25,38,-7.25,51.517334,-0.103604
"Snowsfields, London Bridge",79.5,72,-7.5,51.502153,-0.083632
"Soho Square , Soho",170.25,125,-45.25,51.515631,-0.132328
"Somerset House, Strand",85.5,77,-8.5,51.509943,-0.117619
"Sopwith Way, Battersea Park",68.25,67,-1.25,51.481121,-0.149035
"South Audley Street, Mayfair",28.25,26,-2.25,51.50923,-0.151289
"South Kensington Station, South Kensington",99,107,8,51.494412,-0.173881
"South Lambeth Road, Vauxhall",65.75,61,-4.75,51.481747,-0.124642
"South Parade, Chelsea",41.75,36,-5.75,51.48902,-0.17524
"South Park, Sands End",35.25,20,-15.25,51.467064,-0.193502
"South Quay East, Canary Wharf",11,10,-1,51.50196,-0.016251
"South Wharf Road, Paddington",72.25,46,-26.25,51.517335,-0.17581
"Southampton Place, Holborn",50.75,47,-3.75,51.517606,-0.121328
"Southampton Street, Strand",72.25,38,-34.25,51.510701,-0.121723
"Southern Grove, Bow",26.5,27,0.5,51.523538,-0.030556
"Southerton Road, Hammersmith",49.25,37,-12.25,51.494499,-0.228188
"Southwark Station 1, Southwark",62.75,40,-22.75,51.504043,-0.105312
"Southwark Station 2, Southwark",39.75,29,-10.75,51.504044,-0.104778
"Southwark Street, Bankside",33.75,33,-0.75,51.505409,-0.098341
"Southwick Street, Paddington",32.75,38,5.25,51.515953,-0.169249
"Spanish Road, Clapham Junction",12,10,-2,51.459225,-0.180884
"Spencer Park, Wandsworth Common",9.25,13,3.75,51.45787,-0.174691
"Spindrift Avenue, Millwall",20.5,14,-6.5,51.49109,-0.018716
"St John's Crescent, Brixton",18.75,17,-1.75,51.466232,-0.113179
"St Martins Close, Camden Town",14.75,14,-0.75,51.538792,-0.138535
"St Mary's Hospital, Paddington",83.5,55,-28.5,51.518268,-0.171103
"St. Bride Street, Holborn",92.5,74,-18.5,51.515059,-0.105344
"St. Chad's Street, King's Cross",31.75,33,1.25,51.530059,-0.120973
"St. George Street, Mayfair",61.75,64,2.25,51.51196,-0.142783
"St. George's Square, Pimlico",58,18,-40,51.488226,-0.135635
"St. James's Square, St. James's",221.75,164,-57.75,51.507424,-0.134621
"St. John Street, Finsbury",23.25,24,0.75,51.52836,-0.104724
"St. John's Park, Cubitt Town",12.75,15,2.25,51.496454,-0.009506
"St. John's Road, Clapham Junction",48.75,44,-4.75,51.462392,-0.168292
"St. John's Wood Church, The Regent's Park",32.25,33,0.75,51.530529,-0.167515
"St. John's Wood Road, St. John's Wood",26.25,28,1.75,51.527294,-0.174653
"St. Katharine's Way, Tower",55.75,32,-23.75,51.505697,-0.070542
"St. Luke's Church, Chelsea",54,38,-16,51.489716,-0.170194
"St. Mark's Road, North Kensington",29.25,38,8.75,51.51687,-0.213872
"St. Martin's Street, West End",45,43,-2,51.509087,-0.129697
"St. Mary & St. Michael Church, Stepney",13.25,17,3.75,51.51417,-0.052099
"St. Mary Axe, Aldgate",50.25,55,4.75,51.514225,-0.08066
"St. Peter's Terrace, Fulham",43.5,34,-9.5,51.478939,-0.208485
"Stamford Street, South Bank",54.5,37,-17.5,51.505569,-0.111606
"Stanhope Gate, Mayfair",31.5,32,0.5,51.506864,-0.150666
"Stanley Grove, Battersea",24.75,27,2.25,51.470475,-0.15213
"Star Road, West Kensington",35,29,-6,51.487244,-0.205279
"Stebondale Street, Cubitt Town",18.25,18,-0.25,51.489096,-0.009205
"Stephendale Road, Sands End",62.5,57,-5.5,51.46822,-0.190346
"Stepney Green Station, Stepney",69.75,69,-0.75,51.521889,-0.04667
"Stewart's Road, Wandsworth Road",23.25,24,0.75,51.473116,-0.137235
"Store Street, Bloomsbury",66.5,42,-24.5,51.519572,-0.13214
"Strand, Strand",66.5,54,-12.5,51.512582,-0.115057
"Strata, Elephant & Castle",106.5,95,-11.5,51.493146,-0.099828
"Stratford Station, Stratford",57.5,44,-13.5,51.541793,-0.00481
"Sugden Road, Clapham",34,34,0,51.465123,-0.157788
"Sumner Place, South Kensington",41.25,29,-12.25,51.491211,-0.173715
"Sun Street, Liverpool Street",60.25,54,-6.25,51.520009,-0.083935
"Surrey Lane, Battersea",37.5,43,5.5,51.47518,-0.16716
"Sutton Street, Shadwell",81.25,55,-26.25,51.511066,-0.053558
"Swan Street, The Borough",44,40,-4,51.500296,-0.092762
"Tachbrook Street, Victoria",50.75,38,-12.75,51.492111,-0.138364
"Tallis Street, Temple",49,32,-17,51.511891,-0.107349
"Tanner Street, Bermondsey",59.5,58,-1.5,51.500647,-0.0786
"Tate Modern, Bankside",63,47,-16,51.506725,-0.098807
"Tavistock Place, Bloomsbury",42,27,-15,51.52625,-0.123509
"Tavistock Street, Covent Garden",83,55,-28,51.511968,-0.120718
"Taviton Street, Bloomsbury",54.25,43,-11.25,51.52505,-0.131161
"Temple Gardens, Temple",79.25,59,-20.25,51.510981,-0.108322
"Teversham Lane, Stockwell",28,25,-3,51.476149,-0.123258
"Teviot Street, Poplar",6.75,11,4.25,51.518811,-0.011662
"The Guildhall, Guildhall",39,24,-15,51.515735,-0.09308
"The Metropolitan, Portobello",35.25,36,0.75,51.520509,-0.200804
"The Tennis Courts, The Regent's Park",54.75,44,-10.75,51.525367,-0.153463
"The Vale, Chelsea",64.25,54,-10.25,51.485121,-0.174971
"Theobald's Road , Holborn",62.25,55,-7.25,51.520596,-0.116688
"Thorndike Close, West Chelsea",30.5,34,3.5,51.480898,-0.183853
"Timber Lodge, Queen Elizabeth Olympic Park",49.5,46,-3.5,51.546805,-0.014691
"Tooley Street, Bermondsey",157.5,149,-8.5,51.503493,-0.07962
"Torrens Street, Angel",28,18,-10,51.532199,-0.10548
"Tower Gardens , Tower",128.25,110,-18.25,51.509506,-0.075459
"Tower Wharf, Bermondsey",57,47,-10,51.500845,-0.074704
"Trebovir Road, Earl's Court",44,53,9,51.490853,-0.19617
"Triangle Car Park, Hyde Park",177,105,-72,51.506451,-0.170279
"Turquoise Island, Notting Hill",49.75,51,1.25,51.514311,-0.200838
"Twig Folly Bridge, Mile End",57.25,51,-6.25,51.530326,-0.042744
"Tyers Gate, Bermondsey",45.25,41,-4.25,51.500889,-0.083159
"Tysoe Street, Clerkenwell",70.25,72,1.75,51.526443,-0.109256
"Union Grove, Wandsworth Road",44.25,40,-4.25,51.472993,-0.133972
"Union Street, The Borough",49.5,34,-15.5,51.503688,-0.098497
"Upcerne Road, West Chelsea",48.5,33,-15.5,51.478169,-0.182435
"Upper Bank Street, Canary Wharf",76.25,44,-32.25,51.503083,-0.017676
"Upper Grosvenor Street, Mayfair",20,26,6,51.51013,-0.155757
"Upper Richmond Road, Putney",15.5,12,-3.5,51.459715,-0.212145
"Usk Road, Clapham Junction",39.25,40,0.75,51.463489,-0.182126
"Vauxhall Bridge , Pimlico",36.75,32,-4.75,51.488365,-0.129361
"Vauxhall Cross, Vauxhall",121.5,125,3.5,51.485917,-0.124469
"Vauxhall Street, Vauxhall",45.75,51,5.25,51.486965,-0.116625
"Vauxhall Walk, Vauxhall",35.25,28,-7.25,51.488124,-0.120903
"Vereker Road, West Kensington",49.75,49,-0.75,51.489591,-0.209378
"Vicarage Crescent, Battersea",56.25,59,2.75,51.472876,-0.176267
"Vicarage Gate, Kensington",21.5,21,-0.5,51.504723,-0.192538
"Victoria & Albert Museum, South Kensington",30.5,19,-11.5,51.495898,-0.173009
"Victoria Park Road, Hackney Central",54.5,53,-1.5,51.536424,-0.054162
"Victoria Rise, Clapham Common",42,49,7,51.461376,-0.147804
"Victory Place, Walworth",33.75,30,-3.75,51.492807,-0.091938
"Vincent Square, Westminster",28.75,26,-2.75,51.493985,-0.136928
"Vincent Street, Pimlico",44.25,27,-17.25,51.493072,-0.129925
"Walmer Road, Avondale",18,8,-10,51.510101,-0.211358
"Walnut Tree Walk, Vauxhall",45.75,36,-9.75,51.493686,-0.111014
"Walworth Square, Walworth",64.25,32,-32.25,51.491327,-0.096518
"Wandsworth Rd, Isley Court, Wandsworth Road",34.75,36,1.25,51.469259,-0.141812
"Wandsworth Town Station, Wandsworth",46.5,28,-18.5,51.460864,-0.187427
"Wapping High Street, Wapping",39.25,29,-10.25,51.504904,-0.06797
"Wapping Lane, Wapping",60.75,49,-11.75,51.504749,-0.057544
"Wardour Street, Soho",106,92,-14,51.512515,-0.133201
"Warren Street Station, Euston",113.75,104,-9.75,51.524438,-0.138019
"Warwick Avenue Station, Maida Vale",63.75,41,-22.75,51.523344,-0.183846
"Warwick Road, Olympia",72.75,63,-9.75,51.496712,-0.205284
"Warwick Row, Westminster",99.75,107,7.25,51.497998,-0.14296
"Warwick Square, Pimlico",43.5,42,-1.5,51.489856,-0.141923
"Waterloo Bridge, South Bank",34.75,16,-18.75,51.505354,-0.113656
"Waterloo Place, St. James's",55.75,30,-25.75,51.506633,-0.131773
"Waterloo Road, South Bank",39.75,31,-8.75,51.50486,-0.113001
"Waterloo Station 1, Waterloo",213.5,120,-93.5,51.504027,-0.113864
"Waterloo Station 2, Waterloo",99,52,-47,51.503919,-0.113426
"Waterloo Station 3, Waterloo",245.75,134,-111.75,51.503791,-0.112824
"Watney Market, Stepney",37.75,39,1.25,51.514222,-0.055656
"Watney Street, Shadwell",51.5,64,12.5,51.511542,-0.056667
"Webber Street , Southwark",53.75,41,-12.75,51.500693,-0.102091
"Wellington Arch, Hyde Park",184.25,154,-30.25,51.50274,-0.149569
"Wellington Road, St. John's Wood",36,35,-1,51.533043,-0.172528
"Wellington Row, Bethnal Green",34.25,40,5.75,51.528222,-0.069743
"Wellington Street , Strand",91,78,-13,51.511756,-0.119643
"Wells Street, Fitzrovia",93.5,72,-21.5,51.517344,-0.138072
"Wendon Street, Old Ford",31.25,32,0.75,51.536039,-0.026262
"Wenlock Road , Hoxton",57.75,64,6.25,51.530991,-0.093903
"West Cromwell Road, Earl's Court",41,40,-1,51.493724,-0.198286
"West Kensington Station, West Kensington",40.5,32,-8.5,51.49087,-0.206029
"West Smithfield Rotunda, Farringdon",72.25,55,-17.25,51.518218,-0.100791
"Westbourne Grove, Bayswater",46.75,46,-0.75,51.515529,-0.19024
"Westbourne Park Road, Portobello",31.5,17,-14.5,51.51787,-0.201005
"Westbridge Road, Battersea",80.5,62,-18.5,51.477684,-0.170329
"Westferry Circus, Canary Wharf",75,87,12,51.505703,-0.027772
"Westferry DLR, Limehouse",70,70,0,51.509303,-0.025996
"Westfield Ariel Way, White City",67,70,3,51.509158,-0.224103
"Westfield Southern Terrace ,Shepherd's Bush",33.75,41,7.25,51.506256,-0.218337
"Westminster Bridge Road, Elephant & Castle",7,9,2,51.498386,-0.107913
"Westminster Pier, Westminster",156.25,132,-24.25,51.501513,-0.123823
"Westminster University, Marylebone",40.5,13,-27.5,51.522481,-0.154907
"Whiston Road, Haggerston",24.25,25,0.75,51.534464,-0.076341
"Whitehall Place, Strand",172.25,110,-62.25,51.506543,-0.123179
"William IV Street, Strand",109.25,81,-28.25,51.509462,-0.124749
"William Morris Way, Sands End",44,37,-7,51.468819,-0.184318
"Windsor Terrace, Hoxton",35,8,-27,51.529154,-0.093421
"Wood Street, Guildhall",35.5,31,-4.5,51.517008,-0.093885
"Woodstock Grove, Shepherd's Bush",63.5,50,-13.5,51.504038,-0.2174
"Woodstock Street, Mayfair",43,40,-3,51.514105,-0.147301
"World's End Place, West Chelsea",56,58,2,51.481805,-0.180274
"Wormwood Street, Liverpool Street",219,157,-62,51.516154,-0.082422
"Worship Street, Shoreditch",75,67,-8,51.521668,-0.079608
"Wren Street, Holborn",36.25,22,-14.25,51.524564,-0.116279
"Wright's Lane, Kensington",90,65,-25,51.500397,-0.193068
"Wynne Road, Stockwell",22.25,19,-3.25,51.469217,-0.112686
"York Hall, Bethnal Green",47.25,42,-5.25,51.528936,-0.055894
"York Way, Kings Cross",49,48,-1,51.541596,-0.125441
"Pennington Street, Wapping",15.33333333,14,-1.333333333,51.508622,-0.065006
"Portugal Street, Holborn",9,2,-7,51.514943,-0.116146
"Stonecutter Street, Holborn",32,8,-24,51.515809,-0.10527